{"cameraMode":{"drawMode":0,"name":"Shaded","section":"Shading Mode"},"sceneLighting":false,"audioPlay":false,"sceneViewState":{"m_AlwaysRefresh":false,"showFog":true,"showSkybox":false,"showFlares":true,"showImageEffects":true,"showParticleSystems":true,"showVisualEffectGraphs":true,"m_FxEnabled":true},"in2DMode":false,"pivot":{"x":0.00008088350296020508,"y":0.20453324913978578,"z":0.008489593863487244},"rotation":{"x":-0.5425455570220947,"y":0.024508165195584298,"z":-0.01570887118577957,"w":-0.8397701978683472},"size":0.3476655185222626,"orthographic":false}